id,name,categ_id/id,is_multi_variants,reference,old_reference,sale_ok,purchase_ok,metier_id/id,type,weight_net,list_price,state
product.template_A255001,PILOT CASE POLYESTER PLIANT,product.category_255001,True,A255001,255001,True,True,davidts.metier_Affaires,Stockable Product,1,20.4,Normal
product.template_A255999,SAC REPORTER HAUTEUR,product.category_255999,True,A255999,255999,True,True,davidts.metier_Affaires,Stockable Product,1,12.2,Normal
product.template_A259090,"CONFERENCIER ""MANHATTAN""",product.category_259090,True,A259090,259090,True,True,davidts.metier_Affaires,Stockable Product,1,16.8,Normal
product.template_A259101,"CARTABLE 41cm ""MANHATTAN""",product.category_259101,True,A259101,259101,True,True,davidts.metier_Affaires,Stockable Product,2,25.4,Normal
product.template_A259102,"CARTABLE 44cm ""MANHATTAN""",product.category_259102,True,A259102,259102,True,True,davidts.metier_Affaires,Stockable Product,2,26.6,Normal
product.template_A259305,"PILOT CASE ""MANHATTAN""",product.category_259305,True,A259305,259305,True,True,davidts.metier_Affaires,Stockable Product,4,49.8,Normal
product.template_A259344,"SAC ORDI FLB344 ""MANHATTAN""",product.category_259344,True,A259344,259344,True,True,davidts.metier_Affaires,Stockable Product,2,28,Normal
product.template_A259430,"SAC MESSENGER ""MANHATTAN""",product.category_259430,True,A259430,259430,True,True,davidts.metier_Affaires,Stockable Product,2,21.9,Normal
product.template_A259446,"SAC TROLLEY MULTIFONCTION ""MANHATTAN",product.category_259446,True,A259446,259446,True,True,davidts.metier_Affaires,Stockable Product,4,58.4,Normal
product.template_A259910,"SAC MULTIFONCTION ""MANHATTAN""",product.category_259910,True,A259910,259910,True,True,davidts.metier_Affaires,Stockable Product,2,37.9,Normal
product.template_A260220,"PORTE TRAVERS ""YORK""",product.category_260220,True,A260220,260220,True,True,davidts.metier_Affaires,Stockable Product,0,6.9,Normal
product.template_A260230,"SAC SERVIETTE SIMPLE ""YORK""",product.category_260230,True,A260230,260230,True,True,davidts.metier_Affaires,Stockable Product,0,13.9,Normal
product.template_A260250,"PORTE ORDINATEUR GRAND ""YORK""",product.category_260250,True,A260250,260250,True,True,davidts.metier_Affaires,Stockable Product,0,14.9,Normal
product.template_A260270,"SAC POSTIER  ""YORK""",product.category_260270,True,A260270,260270,True,True,davidts.metier_Affaires,Stockable Product,0,11.9,Normal
product.template_A261008,"COMPUTER BACKPACK 15.4"" (1680D NYLON)",product.category_261008,True,A261008,261008,True,True,davidts.metier_Affaires,Stockable Product,1,24.1,Normal
product.template_A261032,SERVIETTE NYLON 15'' 1680 D,product.category_261032,True,A261032,261032,True,True,davidts.metier_Affaires,Stockable Product,1,20.9,Normal
product.template_A261033,SERVIETTE NYLON 17'' 1680 D,product.category_261033,True,A261033,261033,True,True,davidts.metier_Affaires,Stockable Product,2,24.4,Normal
product.template_A261060,PILOT CASE NYLON 1680D + TROLLEY,product.category_261060,True,A261060,261060,True,True,davidts.metier_Affaires,Stockable Product,4,45.6,Normal
product.template_A261113,PILOT CASE NYLON,product.category_261113,True,A261113,261113,True,True,davidts.metier_Affaires,Stockable Product,4,45.7,Normal
product.template_A261114,SAC ORDINATEUR NYLON 1680D,product.category_261114,True,A261114,261114,True,True,davidts.metier_Affaires,Stockable Product,4,50.9,Normal
product.template_A261118,SERVIETTE Nylon 1680D,product.category_261118,True,A261118,261118,True,True,davidts.metier_Affaires,Stockable Product,1,14.9,Normal
product.template_A261154,PILOT CASE NYLON 1680D+TROLLEY,product.category_261154,True,A261154,261154,True,True,davidts.metier_Affaires,Stockable Product,3,36.8,Normal
product.template_A261295,SAC DOS ORDI 15' Nylon 1680D,product.category_261295,True,A261295,261295,True,True,davidts.metier_Affaires,Stockable Product,1,29.9,Normal
product.template_A261336,"SAC ORDI NYLON 18""40 1680D",product.category_261336,True,A261336,261336,True,True,davidts.metier_Affaires,Stockable Product,2,35.5,Normal
product.template_A261342,SAC ORDI 17' Nylon 1680 D,product.category_261342,True,A261342,261342,True,True,davidts.metier_Affaires,Stockable Product,2,29.9,Normal
product.template_A261343,SAC ORDI 15' Nylon 1680 D,product.category_261343,True,A261343,261343,True,True,davidts.metier_Affaires,Stockable Product,2,26.9,Normal
product.template_A261344,SAC ORDI 15' + ROUL. 1680D,product.category_261344,True,A261344,261344,True,True,davidts.metier_Affaires,Stockable Product,1,46.9,Normal
product.template_A261347,"SAC A DOS + ROULETTRES 17"" COMP. Nylon 1680D",product.category_261347,True,A261347,261347,True,True,davidts.metier_Affaires,Stockable Product,1,49.9,Normal
product.template_A261700,SAC NYLON 1680D MULTIFONCTION,product.category_261700,True,A261700,261700,True,True,davidts.metier_Affaires,Stockable Product,2,29.9,Normal
product.template_A261853,TROLLEY D'AFFAIRES 1680D NYLON,product.category_261853,True,A261853,261853,True,True,davidts.metier_Affaires,Stockable Product,2,43.9,Normal
product.template_V262325,SET DE 3 TROLLEYS 4 ROUES 48-60-70CM 1680 D,product.category_262325,True,V262325,262325,True,True,davidts.metier_Voyage,Stockable Product,14,119,Normal
product.template_V262326,50cm 262325,product.category_262326,True,V262326,262326,False,True,davidts.metier_Voyage,Stockable Product,0,0,Normal
product.template_V262327,60cm 262325,product.category_262327,True,V262327,262327,False,True,davidts.metier_Voyage,Stockable Product,0,0,Normal
product.template_V262328,70cm 262325,product.category_262328,True,V262328,262328,False,True,davidts.metier_Voyage,Stockable Product,0,0,Normal
product.template_V267011,TROLLEY 50CM FIFTY-FIFTY ,product.category_267011,True,V267011,267011,False,True,davidts.metier_Voyage,Stockable Product,5,0,Normal
product.template_V267012,TROLLEY 60CM FIFTY-FIFTY,product.category_267012,True,V267012,267012,False,True,davidts.metier_Voyage,Stockable Product,5,0,Normal
product.template_V267013,TROLLEY 70CM FIFTY-FIFTY,product.category_267013,True,V267013,267013,False,True,davidts.metier_Voyage,Stockable Product,5,0,Normal
product.template_V267020,"SET DE 3 TROLLEYS PC ""NIL""",product.category_267020,True,V267020,267020,True,True,davidts.metier_Voyage,Stockable Product,13,159,Normal
product.template_V267021,TROLLEY POLYCARBONATE 50 CM,product.category_267021,True,V267021,267021,False,True,davidts.metier_Voyage,Stockable Product,5,0,Normal
product.template_V267022,TROLLEY POLYCARBONATE 60 CM,product.category_267022,True,V267022,267022,False,True,davidts.metier_Voyage,Stockable Product,5,0,Normal
product.template_V267023,TROLLEY POLYCARBONATE 70 CM,product.category_267023,True,V267023,267023,False,True,davidts.metier_Voyage,Stockable Product,7,0,Normal
product.template_V267030,"TROLLEY SET PC FILM 2 PCES:SET ""BROOKLIN""",product.category_267030,True,V267030,267030,True,True,davidts.metier_Voyage,Stockable Product,13,125,Normal
product.template_V267031,TROLLEY 50 CM PC FILME + ALU FRAME  ,product.category_267031,True,V267031,267031,False,True,davidts.metier_Voyage,Stockable Product,1,0,Normal
product.template_V267032,TROLLEY 60 CM PC FILME + ALU FRAME  ,product.category_267032,True,V267032,267032,False,True,davidts.metier_Voyage,Stockable Product,1,0,Normal
product.template_V267040,"SET DE 3 TROLLEYS ABS FILME ""SHIELDED""",product.category_267040,True,V267040,267040,True,True,davidts.metier_Voyage,Stockable Product,13,154,Normal
product.template_V267041,"TROLLEY 50CM ABS FILME ""SHIELDED""",product.category_267041,True,V267041,267041,False,True,davidts.metier_Voyage,Stockable Product,5,0,Normal
product.template_V267042,"TROLLEY 60CM ABS FILME ""SHIELDED""",product.category_267042,True,V267042,267042,False,True,davidts.metier_Voyage,Stockable Product,5,0,Normal
product.template_V267043,"TROLLEY 70CM ABS FILME ""SHIELDED""",product.category_267043,True,V267043,267043,False,True,davidts.metier_Voyage,Stockable Product,5,0,Normal
product.template_V267050,"SET DE 3 TROLLEYS POLYCARBONATE ""RODIN""",product.category_267050,True,V267050,267050,True,True,davidts.metier_Voyage,Stockable Product,13,169,Normal
product.template_V267051,"TROLLEY 50CM FULL POLYCARBONATE""RODIN""",product.category_267051,True,V267051,267051,False,True,davidts.metier_Voyage,Stockable Product,5,0,Normal
product.template_V267052,"TROLLEY 60CM FULL POLYCARBONATE""RODIN""",product.category_267052,True,V267052,267052,False,True,davidts.metier_Voyage,Stockable Product,5,0,Normal
product.template_V267053,"TROLLEY 70CM FULL POLYCARBONATE""RODIN""",product.category_267053,True,V267053,267053,False,True,davidts.metier_Voyage,Stockable Product,5,0,Normal
product.template_V267060,SET DE 3 TROLLEYS DOUBLE PC FILMED CHESTERFIELD,product.category_267060,True,V267060,267060,True,True,davidts.metier_Voyage,Stockable Product,13,155,Normal
product.template_V267061,"TROLLEY 50 CM DOUBLE PC MAT FILM ""CHESTERFIELD""",product.category_267061,True,V267061,267061,False,True,davidts.metier_Voyage,Stockable Product,5,0,Normal
product.template_V267062,"TROLLEY 60CM DOUBLE PC MAT FILM ""CHESTERFIELD""",product.category_267062,True,V267062,267062,False,True,davidts.metier_Voyage,Stockable Product,5,0,Normal
product.template_V267063,"TROLLEY 70CM DOUBLE PC MAT FILM ""CHESTERFIELD"" ",product.category_267063,True,V267063,267063,False,True,davidts.metier_Voyage,Stockable Product,5,0,Normal
product.template_V267064,DAVIDTS ABS CABIN CASE,product.category_267064,True,V267064,267064,True,True,davidts.metier_Voyage,Stockable Product,3,39.9,Normal
product.template_V267070,"SET DE 3 TROLLEYS PC ""SILVER ZEPHYR""",product.category_267070,True,V267070,267070,True,True,davidts.metier_Voyage,Stockable Product,1,144,Normal
product.template_V267071,"TROLLEY 50 CM ""SILVER ZEPHYR""",product.category_267071,True,V267071,267071,False,True,davidts.metier_Voyage,Stockable Product,1,0,Normal
product.template_V267072,"TROLLEY 60 CM ""SILVER ZEPHYR""",product.category_267072,True,V267072,267072,False,True,davidts.metier_Voyage,Stockable Product,1,0,Normal
product.template_V267073,"TROLLEY 70 CM ""SILVER ZEPHYR""",product.category_267073,True,V267073,267073,False,True,davidts.metier_Voyage,Stockable Product,1,0,Normal
product.template_V267081,TROLLEY 50CM ALU,product.category_267081,True,V267081,267081,False,True,davidts.metier_Voyage,Stockable Product,1,0,Normal
product.template_V267082,"TROLLEY 60CM ""ALU""",product.category_267082,True,V267082,267082,False,True,davidts.metier_Voyage,Stockable Product,1,0,Normal
product.template_V267083,"TROLLEY 70CM ""ALU""",product.category_267083,True,V267083,267083,False,True,davidts.metier_Voyage,Stockable Product,1,0,Normal
product.template_V267090,"SET DE 3 TROLLEYS ""PHOENIX"" PP INJECTE",product.category_267090,True,V267090,267090,True,True,davidts.metier_Voyage,Stockable Product,1,133.2,Normal
product.template_V267100,"SET DE 4 TROLLEYS PP INJECTE ""BUBBLE"" - Prix = 150 €",product.category_267100,True,V267100,267100,True,True,davidts.metier_Voyage,Stockable Product,0,150,Normal
product.template_V267101,"TROLLEY 50CM PP INJECTE ""BUBBLE""",product.category_267101,True,V267101,267101,True,True,davidts.metier_Voyage,Stockable Product,3,32,Normal
product.template_V267102,"TROLLEY 60CM PP INJECTE ""BUBBLE""",product.category_267102,True,V267102,267102,True,True,davidts.metier_Voyage,Stockable Product,4,38.5,Normal
product.template_V267103,"TROLLEY 70 CM PP INJECTE ""BUBBLE""",product.category_267103,True,V267103,267103,True,True,davidts.metier_Voyage,Stockable Product,6,44.9,Normal
product.template_V267104,"TROLLEY 80 CM PP INJECTE ""BUBBLE""",product.category_267104,True,V267104,267104,True,True,davidts.metier_Voyage,Stockable Product,8,51.3,Normal
product.template_V267120,"SET DE 3 TROLLEYS PP INJECTED ""LET'S GO"" - Prix = 70 €",product.category_267120,True,V267120,267120,True,True,davidts.metier_Voyage,Stockable Product,0,70,Normal
product.template_V267121,"TROLLEY 50 CM PP INJECTE ""LET'S GO""",product.category_267121,True,V267121,267121,True,True,davidts.metier_Voyage,Stockable Product,3,21.6,Normal
product.template_V267122,"TROLLEY 60 CM PP INJECTE ""LET'S GO""",product.category_267122,True,V267122,267122,True,True,davidts.metier_Voyage,Stockable Product,4,25.9,Normal
product.template_V267123,"TROLLEY 70 CM PP INJECTE ""LET'S GO""",product.category_267123,True,V267123,267123,True,True,davidts.metier_Voyage,Stockable Product,5,30.2,Normal
product.template_V267130,"SET DE 3 TROLLEYS ""NEMO""",product.category_267130,True,V267130,267130,True,True,davidts.metier_Voyage,Stockable Product,0,116.9,Normal
product.template_V267131,"TROLLEY 50 CM ""NEMO""",product.category_267131,True,V267131,267131,True,True,davidts.metier_Voyage,Stockable Product,3,35.8,Normal
product.template_V267132,"TROLLEY 60 CM ""NEMO""",product.category_267132,True,V267132,267132,True,True,davidts.metier_Voyage,Stockable Product,4,42.9,Normal
product.template_V267133,"TROLLEY 70 CM ""NEMO""",product.category_267133,True,V267133,267133,True,True,davidts.metier_Voyage,Stockable Product,5,50,Normal
product.template_V267140,"SET DE 3 TROLLEYS PP ZIP ""MINKA"" - Prix = 121 €",product.category_267140,True,V267140,267140,True,True,davidts.metier_Voyage,Stockable Product,0,121,Normal
product.template_V267141,"TROLLEY 50 CM ""MINKA""",product.category_267141,True,V267141,267141,True,True,davidts.metier_Voyage,Stockable Product,3,33.6,Normal
product.template_V267142,"TROLLEY 60 CM ""MINKA""",product.category_267142,True,V267142,267142,True,True,davidts.metier_Voyage,Stockable Product,4,47,Normal
product.template_V267143,"TROLLEY 70 CM ""MINKA""",product.category_267143,True,V267143,267143,True,True,davidts.metier_Voyage,Stockable Product,5,53.8,Normal
product.template_V267149,BEAUTY CASE 14'' Minka,product.category_267149,True,V267149,267149,True,True,davidts.metier_Voyage,Stockable Product,1,17.5,Normal
product.template_A268451,"ABS ATTACHE-CASE 18""",product.category_268451,True,A268451,268451,True,True,davidts.metier_Affaires,Stockable Product,2,21.9,Normal
product.template_V269111,TROLLEY 50cm PC FILMED (37 lit )(*****),product.category_269111,True,V269111,269111,True,True,davidts.metier_Voyage,Stockable Product,4,44.4,Normal
product.template_V269112,TROLLEY 60cm PC FILMED (69 lit),product.category_269112,True,V269112,269112,True,True,davidts.metier_Voyage,Stockable Product,4,54.4,Normal
product.template_V269113,TROLLEY 70cm PC FILMED (125 lit),product.category_269113,True,V269113,269113,True,True,davidts.metier_Voyage,Stockable Product,5,63.3,Normal
product.template_V269131,"ABS BEAUTY CASE 14""",product.category_269131,True,V269131,269131,True,True,davidts.metier_Voyage,Stockable Product,1,17.5,Normal
product.template_C269142,MINI PORTER,product.category_269142,True,C269142,269142,True,True,davidts.metier_Caddies,Stockable Product,2,8.9,Normal
product.template_V269199,PORTE HABITS,product.category_269199,True,V269199,269199,True,True,davidts.metier_Voyage,Stockable Product,3,26,Normal
product.template_V269200,TROUSSE DE TOILETTE,product.category_269200,True,V269200,269200,True,True,davidts.metier_Voyage,Stockable Product,1,3.6,Normal
product.template_V269201,SAC CHARTER 75 CM,product.category_269201,True,V269201,269201,True,True,davidts.metier_Voyage,Stockable Product,3,25.9,Normal
product.template_V269203,PETIT FLIGHT BAG,product.category_269203,True,V269203,269203,True,True,davidts.metier_Voyage,Stockable Product,1,8.2,Normal
product.template_V269204,REPORTER HAUTEUR,product.category_269204,True,V269204,269204,True,True,davidts.metier_Voyage,Stockable Product,1,9.7,Normal
product.template_V269205,FLIGHT BAG 45 CM,product.category_269205,True,V269205,269205,True,True,davidts.metier_Voyage,Stockable Product,2,8.4,Normal
product.template_V269206,SAC CHARTER 65 CM,product.category_269206,True,V269206,269206,True,True,davidts.metier_Voyage,Stockable Product,1,22.9,Normal
product.template_V269207,SAC DE VOYAGE 60 CM,product.category_269207,True,V269207,269207,True,True,davidts.metier_Voyage,Stockable Product,1,10.9,Normal
product.template_V269208,PETIT SAC DE VOYAGE,product.category_269208,True,V269208,269208,True,True,davidts.metier_Voyage,Stockable Product,1,8.5,Normal
product.template_V269209,BEAUTY CASE,product.category_269209,True,V269209,269209,True,True,davidts.metier_Voyage,Stockable Product,1,11.9,Normal
product.template_V269214,TROLLEY 269223/48 CM,product.category_269214,True,V269214,269214,True,True,davidts.metier_Voyage,Stockable Product,14,16.7,Normal
product.template_V269215,TROLLEY 269223/60cm,product.category_269215,True,V269215,269215,True,True,davidts.metier_Voyage,Stockable Product,1,28.9,Normal
product.template_V269216,TROLLEY 269223/70cm (****),product.category_269216,True,V269216,269216,True,True,davidts.metier_Voyage,Stockable Product,1,32.2,Normal
product.template_V269223,SET DE 3 TROLLEYS ULTRA LIGHT 48-60-70CM,product.category_269223,True,V269223,269223,True,True,davidts.metier_Voyage,Stockable Product,12,87,Normal
product.template_V269251,TROLLEY 50cm ,product.category_269251,True,V269251,269251,True,True,davidts.metier_Voyage,Stockable Product,3,24.4,Normal
product.template_V269252,TROLLEY 60cm BROWN,product.category_269252,True,V269252,269252,True,True,davidts.metier_Voyage,Stockable Product,1,28.7,Normal
product.template_V269253,TROLLEY 70cm ,product.category_269253,True,V269253,269253,True,True,davidts.metier_Voyage,Stockable Product,1,36.6,Normal
product.template_V269254,BEAUTY CASE,product.category_269254,True,V269254,269254,True,True,davidts.metier_Voyage,Stockable Product,1,12,Normal
product.template_V269261,TROLLEY 50 CM ABS PC FILME,product.category_269261,True,V269261,269261,False,True,davidts.metier_Voyage,Stockable Product,4,0,Normal
product.template_V269262,TROLLEY 60 CM ABS PC FILME,product.category_269262,True,V269262,269262,False,True,davidts.metier_Voyage,Stockable Product,4,0,Normal
product.template_V269263,TROLLEY 70 CM ABS PC FILME,product.category_269263,True,V269263,269263,False,True,davidts.metier_Voyage,Stockable Product,5,0,Normal
product.template_V269270,"SET DE 3 TROLLEYS ABS 4 ROUES ""AVON""",product.category_269270,True,V269270,269270,True,True,davidts.metier_Voyage,Stockable Product,13,99,Normal
product.template_V269271,4 WHEELS ABS TROLLEY 50 CM,product.category_269271,True,V269271,269271,False,True,davidts.metier_Voyage,Stockable Product,3,0,Normal
product.template_V269272,4 WHEELS ABS TROLLEY 60CM,product.category_269272,True,V269272,269272,False,True,davidts.metier_Voyage,Stockable Product,4,0,Normal
product.template_V269273,4 WHEELS ABS TROLLEY 70CM,product.category_269273,True,V269273,269273,False,True,davidts.metier_Voyage,Stockable Product,5,0,Normal
product.template_V269326,50cm 4 WHEELS TROLLEY,product.category_269326,True,V269326,269326,False,True,davidts.metier_Voyage,Stockable Product,0,0,Normal
product.template_V269327,60cm 4 WHEELS TROLLEY,product.category_269327,True,V269327,269327,False,True,davidts.metier_Voyage,Stockable Product,0,0,Normal
product.template_V269328,70cm 4 WHEELS TROLLEY,product.category_269328,True,V269328,269328,False,True,davidts.metier_Voyage,Stockable Product,0,0,Normal
product.template_V269501,TROLLEY SAVERYAN,product.category_269501,True,V269501,269501,True,True,davidts.metier_Voyage,Stockable Product,3,25.5,Normal
product.template_V269532,ABS ATTACHE CASE,product.category_269532,True,V269532,269532,True,True,davidts.metier_Voyage,Stockable Product,1,27.5,Normal
product.template_V269533,TROLLEY - PILOT CASE ABS,product.category_269533,True,V269533,269533,True,True,davidts.metier_Voyage,Stockable Product,3,48.9,Normal
product.template_V272001,PETIT SAC BAND. CRINKLED,product.category_272001,True,V272001,272001,True,True,davidts.metier_Voyage,Stockable Product,0,9.9,Normal
product.template_V272003,SAC SHOPPING CRINKLED,product.category_272003,True,V272003,272003,True,True,davidts.metier_Voyage,Stockable Product,0,8.5,Normal
product.template_V272201,SAC CHARTER 75 CM CRINKLED,product.category_272201,True,V272201,272201,True,True,davidts.metier_Voyage,Stockable Product,3,29.9,Normal
product.template_V272206,SAC CHARTER 65CM CRINKLED,product.category_272206,True,V272206,272206,True,True,davidts.metier_Voyage,Stockable Product,3,26.9,Normal
product.template_V272207,TRAVEL BAG CRINKLED,product.category_272207,True,V272207,272207,True,True,davidts.metier_Voyage,Stockable Product,3,17.5,Normal
product.template_V272208,SMALL TRAVEL BAG CRINKLED,product.category_272208,True,V272208,272208,True,True,davidts.metier_Voyage,Stockable Product,3,13,Normal
product.template_V272230,CARTABLE POUR PC CRINKLED,product.category_272230,True,V272230,272230,True,True,davidts.metier_Voyage,Stockable Product,0,16,Normal
product.template_V272235,SAC A DOS SIMPLE CRINKLED,product.category_272235,True,V272235,272235,True,True,davidts.metier_Voyage,Stockable Product,1,13,Normal
product.template_V272240,SAC A DOS DOUBLE CRINKLED,product.category_272240,True,V272240,272240,True,True,davidts.metier_Voyage,Stockable Product,0,19,Normal
product.template_V272245,SAC A DOS ROULETTES CRINKLED,product.category_272245,True,V272245,272245,True,True,davidts.metier_Voyage,Stockable Product,1,33.5,Normal
product.template_V272355,JEU 3 TROLLEYS 4R CRINKLED,product.category_272355,True,V272355,272355,True,True,davidts.metier_Voyage,Stockable Product,3,110,Normal
product.template_V272356,TROLLEY 50 CM CRINKELD,product.category_272356,True,V272356,272356,True,True,davidts.metier_Voyage,Stockable Product,3,36.6,Normal
product.template_V272357,TROLLEY 60 CM CRINKLED,product.category_272357,True,V272357,272357,True,True,davidts.metier_Voyage,Stockable Product,3,36.6,Normal
product.template_V272358,TROLLEY 70 CM CRINKLED,product.category_272358,True,V272358,272358,True,True,davidts.metier_Voyage,Stockable Product,3,36.6,Normal
product.template_V273001,FLIGHT BAG SOUPLE,product.category_273001,True,V273001,273001,True,True,davidts.metier_Voyage,Stockable Product,5,8.3,Normal
product.template_V273004,SAC DE VOYAGE SOUPLE 48 CM,product.category_273004,True,V273004,273004,True,True,davidts.metier_Voyage,Stockable Product,1,12.2,Normal
product.template_V273011,TROLLEY SOUPLE 48 CM,product.category_273011,True,V273011,273011,False,True,davidts.metier_Voyage,Stockable Product,1,0,Normal
product.template_V273012,TROLLEY SOUPLE 58 CM,product.category_273012,True,V273012,273012,False,True,davidts.metier_Voyage,Stockable Product,1,0,Normal
product.template_V273013,TROLLEY SOUPLE 68 CM,product.category_273013,True,V273013,273013,False,True,davidts.metier_Voyage,Stockable Product,1,0,Normal
product.template_V273356,SOFT TROLLEY 48 CM,product.category_273356,True,V273356,273356,False,True,davidts.metier_Voyage,Stockable Product,1,0,Normal
product.template_V273357,TROLLEY 58CM,product.category_273357,True,V273357,273357,False,True,davidts.metier_Voyage,Stockable Product,1,0,Normal
product.template_V273358,68cm,product.category_273358,True,V273358,273358,False,True,davidts.metier_Voyage,Stockable Product,1,0,Normal
product.template_V273500,DAVIDT'S CABIN CASE,product.category_273500,True,V273500,273500,True,True,davidts.metier_Voyage,Stockable Product,8,29,Normal
product.template_V274251,TROLLEY 50 CM JEANS,product.category_274251,True,V274251,274251,True,True,davidts.metier_Voyage,Stockable Product,3,33.2,Normal
product.template_V274252,TROLLEY 60cm JEAN'S,product.category_274252,True,V274252,274252,False,True,davidts.metier_Voyage,Stockable Product,1,0,Normal
product.template_V274253,TROLLEY 70cm JEAN'S,product.category_274253,True,V274253,274253,False,True,davidts.metier_Voyage,Stockable Product,1,0,Normal
product.template_A280240,SAC ORDINATEUR 15' -  600D,product.category_280240,True,A280240,280240,True,True,davidts.metier_Affaires,Stockable Product,1,13.3,Normal
product.template_A280250,SAC ORDINATEUR 17' - 600 D,product.category_280250,True,A280250,280250,True,True,davidts.metier_Affaires,Stockable Product,5,13.6,Normal
product.template_A282020,PILOT CASE PU + TROLLEY,product.category_282020,True,A282020,282020,True,True,davidts.metier_Affaires,Stockable Product,4,43.6,Normal
product.template_A282024,SERVIETTE AVOCAT  PU,product.category_282024,True,A282024,282024,True,True,davidts.metier_Affaires,Stockable Product,1,15.5,Normal
product.template_A282027,SERVIETTE PU + ORG.,product.category_282027,True,A282027,282027,True,True,davidts.metier_Affaires,Stockable Product,2,21.7,Normal
product.template_A282028,SERVIETTE PU 42 cm triple,product.category_282028,True,A282028,282028,True,True,davidts.metier_Affaires,Stockable Product,2,23.5,Normal
product.template_A282043,ATTACHE CASE PU,product.category_282043,True,A282043,282043,True,True,davidts.metier_Affaires,Stockable Product,2,14.2,Normal
product.template_A282119,SERVIETTE SOUPLE PU,product.category_282119,True,A282119,282119,True,True,davidts.metier_Affaires,Stockable Product,1,15.9,Normal
product.template_A282182,PU BRIEFCASE,product.category_282182,True,A282182,282182,True,True,davidts.metier_Affaires,Stockable Product,1,17.4,Normal
product.template_A282183,SERVIETTE PU TRIPLE + POCHE,product.category_282183,True,A282183,282183,True,True,davidts.metier_Affaires,Stockable Product,1,20.9,Normal
product.template_A282243,ATTACHE CASE SYNTHETIQUE,product.category_282243,True,A282243,282243,True,True,davidts.metier_Affaires,Stockable Product,2,23.3,Normal
product.template_A282264,ATTACHE CASE SYNTHETIQUE,product.category_282264,True,A282264,282264,True,True,davidts.metier_Affaires,Stockable Product,3,29.5,Normal
product.template_A282442,SERVIETTE 44cm 2 Soufflets+poche,product.category_282442,True,A282442,282442,True,True,davidts.metier_Affaires,Stockable Product,2,23.3,Normal
product.template_A282541,PILOT CASE SYNTHETIQUE,product.category_282541,True,A282541,282541,True,True,davidts.metier_Affaires,Stockable Product,2,20.9,Normal
product.template_A282600,CONFERENCIER SYNTHETIQUE + POCHE,product.category_282600,True,A282600,282600,True,True,davidts.metier_Affaires,Stockable Product,2,19.9,Normal
product.template_A282601,CONFERENCIER SYNTHETIQUE A ANNEAUX,product.category_282601,True,A282601,282601,True,True,davidts.metier_Affaires,Stockable Product,1,13.7,Normal
product.template_A282650,CONFERENCIER SYNTHETIQUE PROMO,product.category_282650,True,A282650,282650,True,True,davidts.metier_Affaires,Stockable Product,1,7.5,Normal
product.template_A282660,CONFERENCIER ECRITOIRE,product.category_282660,True,A282660,282660,True,True,davidts.metier_Affaires,Stockable Product,1,5.8,Normal
product.template_A282730,CONFERENCIER SYNTHETIQUE,product.category_282730,True,A282730,282730,True,True,davidts.metier_Affaires,Stockable Product,1,14.8,Normal
product.template_A282802,PILOT-CASE SYNTHETIQUE,product.category_282802,True,A282802,282802,True,True,davidts.metier_Affaires,Stockable Product,3,22.4,Normal
product.template_A282808,SET 2 PU PILOT CASES,product.category_282808,True,A282808,282808,True,True,davidts.metier_Affaires,Stockable Product,5,41.9,Normal
product.template_A283008,SLEEVE  TABLET 8'',product.category_283008,True,A283008,283008,True,True,davidts.metier_Affaires,Stockable Product,1,8.2,Normal
product.template_A283013,"SLEEVE LAPTOP 13""",product.category_283013,True,A283013,283013,True,True,davidts.metier_Affaires,Stockable Product,1,9.1,Normal
product.template_A283015,SLEEVE LAPTOP 15'',product.category_283015,True,A283015,283015,True,True,davidts.metier_Affaires,Stockable Product,1,9.9,Normal
product.template_A283017,SLEEVE LAPTOP 17'',product.category_283017,True,A283017,283017,True,True,davidts.metier_Affaires,Stockable Product,1,10.9,Normal
product.template_C343173,"COCCINELLE ""DOTS""",product.category_343173,True,C343173,343173,True,True,davidts.metier_Bijoux,Stockable Product,1,16.7,Normal
product.template_C343589,"COFFRET ""DOTS""",product.category_343589,True,C343589,343589,True,True,davidts.metier_Bijoux,Stockable Product,1,11.7,Normal
product.template_C344200,"COFFRET A BIJOUX ""CROCOSHINY""",product.category_344200,True,C344200,344200,True,True,davidts.metier_Bijoux,Stockable Product,2,25.7,Normal
product.template_C344959,"COFFRET A BIJOUX ""CROCOSHINY""",product.category_344959,True,C344959,344959,True,True,davidts.metier_Bijoux,Stockable Product,1,17.5,Normal
product.template_C344965,"COFFRET A BIJOUX ""CROCOSHINY""",product.category_344965,True,C344965,344965,True,True,davidts.metier_Bijoux,Stockable Product,2,23.9,Normal
product.template_C344987,"COFFRET A BIJOUX ""CROCOSHINY""",product.category_344987,True,C344987,344987,True,True,davidts.metier_Bijoux,Stockable Product,2,29.5,Normal
product.template_C345959,"COFFRET A BIJOUX ""CROCO-OSTRICH""",product.category_345959,True,C345959,345959,True,True,davidts.metier_Bijoux,Stockable Product,1,17.5,Normal
product.template_C345965,"COFFRET A BIJOUX ""CROCO-OSTRICH""",product.category_345965,True,C345965,345965,True,True,davidts.metier_Bijoux,Stockable Product,2,23.9,Normal
product.template_C345987,"COFFRET A BIJOUX ""CROCO-OSTRICH""",product.category_345987,True,C345987,345987,True,True,davidts.metier_Bijoux,Stockable Product,2,29.5,Normal
product.template_C346959,"COFFRET ""Hagematic""",product.category_346959,True,C346959,346959,True,True,davidts.metier_Bijoux,Stockable Product,1,17.5,Normal
product.template_C346965,"COFFRET ""Hagematic""",product.category_346965,True,C346965,346965,True,True,davidts.metier_Bijoux,Stockable Product,2,23.9,Normal
product.template_C347959,"COFFRET A BIJOUX ""LISSE et GRAINE""",product.category_347959,True,C347959,347959,True,True,davidts.metier_Bijoux,Stockable Product,1,17.5,Normal
product.template_C347965,"COFFRET A BIJOUX ""LISSE et GRAINE""",product.category_347965,True,C347965,347965,True,True,davidts.metier_Bijoux,Stockable Product,2,23.9,Normal
product.template_C347987,"COFFRET A BIJOUX ""LISSE et GRAINE""",product.category_347987,True,C347987,347987,True,True,davidts.metier_Bijoux,Stockable Product,2,29.5,Normal
product.template_C348100,"ROULEAU A BIJOUX ""BRISURE""",product.category_348100,True,C348100,348100,True,True,davidts.metier_Bijoux,Stockable Product,0,9.9,Normal
product.template_C348101,"COFFRET A BIJOUX ""BRISURE""",product.category_348101,True,C348101,348101,True,True,davidts.metier_Bijoux,Stockable Product,1,25.5,Normal
product.template_C348102,"COFFRET A BIJOUX ""BRISURE""",product.category_348102,True,C348102,348102,True,True,davidts.metier_Bijoux,Stockable Product,1,28.9,Normal
product.template_C348103,"COFFRET A BIJOUX  AUTO ""BRISURE""",product.category_348103,True,C348103,348103,True,True,davidts.metier_Bijoux,Stockable Product,1,28.7,Normal
product.template_C348751,"COEUR ""BRISURE""",product.category_348751,True,C348751,348751,True,True,davidts.metier_Bijoux,Stockable Product,0,9.6,Normal
product.template_C349199,UNITED BABY UNITS (349200 + 205 + 215 + 220) - Prix = 35.9 €,product.category_349199,True,C349199,349199,True,True,davidts.metier_Bijoux,Stockable Product,0,37.6,Normal
product.template_C349200,UNIT PETIT + COUVERCLE,product.category_349200,True,C349200,349200,True,True,davidts.metier_Bijoux,Stockable Product,2,11.4,Normal
product.template_C349205,UNIT SMALL + CHARMS,product.category_349205,True,C349205,349205,True,True,davidts.metier_Bijoux,Stockable Product,2,11.8,Normal
product.template_C349215,UNIT PETIT + 20 COMPARTIMENTS,product.category_349215,True,C349215,349215,True,True,davidts.metier_Bijoux,Stockable Product,2,7.7,Normal
product.template_C349220,UNIT PETIT VIDE,product.category_349220,True,C349220,349220,True,True,davidts.metier_Bijoux,Stockable Product,2,6.7,Normal
product.template_C349230,UNIT PETIT MONTRES,product.category_349230,True,C349230,349230,True,True,davidts.metier_Bijoux,Stockable Product,2,14.3,Normal
product.template_C349399,UNITED GRAND UNITS (349215 + 400 + 205 + 410 + 420) Prix = 58.9 €,product.category_349399,True,C349399,349399,True,True,davidts.metier_Bijoux,Stockable Product,0,59.7,Normal
product.template_C349400,UNIT LARGE + LID,product.category_349400,True,C349400,349400,True,True,davidts.metier_Bijoux,Stockable Product,2,18.9,Normal
product.template_C349410,UNIT LARGE VIDE,product.category_349410,True,C349410,349410,True,True,davidts.metier_Bijoux,Stockable Product,2,9.7,Normal
product.template_C349420,UNIT LARGE + COLLIERS,product.category_349420,True,C349420,349420,True,True,davidts.metier_Bijoux,Stockable Product,2,11.6,Normal
product.template_C349430,UNIT LARGE SAUTOIRS,product.category_349430,True,C349430,349430,True,True,davidts.metier_Bijoux,Stockable Product,1,11.9,Normal
product.template_C351159,"COFFRET A BIJOUX ""LITTLE LADY BIRD""",product.category_351159,True,C351159,351159,True,True,davidts.metier_Bijoux,Stockable Product,1,17.5,Normal
product.template_C354233,"COFFRET A BIJOUX ""STRASS""",product.category_354233,True,C354233,354233,True,True,davidts.metier_Bijoux,Stockable Product,1,14.9,Normal
product.template_C354244,"COFFRET A BIJOUX ""STRASS""",product.category_354244,True,C354244,354244,True,True,davidts.metier_Bijoux,Stockable Product,1,39.3,Normal
product.template_C354255,"COFFRET A BIJOUX ""STRASS""",product.category_354255,True,C354255,354255,True,True,davidts.metier_Bijoux,Stockable Product,1,48.8,Normal
product.template_C354266,"COFFRET A BIJOUX ""STRASS""",product.category_354266,True,C354266,354266,True,True,davidts.metier_Bijoux,Stockable Product,1,63.6,Normal
product.template_C354277,"COFFRET A BIJOUX ""STRASS""",product.category_354277,True,C354277,354277,True,True,davidts.metier_Bijoux,Stockable Product,1,83,Normal
product.template_C355110,"COFFRET A BIJOUX ""ESSENTIALS""",product.category_355110,True,C355110,355110,True,True,davidts.metier_Bijoux,Stockable Product,1,18.4,Normal
product.template_C355120,"COFFRET A BIJOUX ""ESSENTIALS""",product.category_355120,True,C355120,355120,True,True,davidts.metier_Bijoux,Stockable Product,1,22.9,Normal
product.template_C355130,"COFFRET A BIJOUX ""ESSENTIALS""",product.category_355130,True,C355130,355130,True,True,davidts.metier_Bijoux,Stockable Product,1,30.9,Normal
product.template_C355210,"COFFRET A BIJOUX ""ESSENTIALS""",product.category_355210,True,C355210,355210,True,True,davidts.metier_Bijoux,Stockable Product,1,16.9,Normal
product.template_C355220,"COFFRET A BIJOUX ""ESSENTIALS""",product.category_355220,True,C355220,355220,True,True,davidts.metier_Bijoux,Stockable Product,1,23.9,Normal
product.template_C355230,"COFFRET A BIJOUX ""ESSENTIALS""",product.category_355230,True,C355230,355230,True,True,davidts.metier_Bijoux,Stockable Product,1,29.9,Normal
product.template_C356697,"COFFRET A BIJOUX ""ISARD""",product.category_356697,True,C356697,356697,True,True,davidts.metier_Bijoux,Stockable Product,1,29.7,Normal
product.template_C356699,"COFFRET A BIJOUX ""ISARD""",product.category_356699,True,C356699,356699,True,True,davidts.metier_Bijoux,Stockable Product,2,45.9,Normal
product.template_C357142,"COFFRET A BIJOUX ""CAIMAN""",product.category_357142,True,C357142,357142,True,True,davidts.metier_Bijoux,Stockable Product,1,37.9,Normal
product.template_C357143,"COFFRET A BIJOUX ""CAIMAN""",product.category_357143,True,C357143,357143,True,True,davidts.metier_Bijoux,Stockable Product,1,64.9,Normal
product.template_C357200,"COFFRET A BIJOUX ""CAIMAN""",product.category_357200,True,C357200,357200,True,True,davidts.metier_Bijoux,Stockable Product,1,31.9,Normal
product.template_C357218,"COFFRET A BIJOUX ""CAIMAN""",product.category_357218,True,C357218,357218,True,True,davidts.metier_Bijoux,Stockable Product,1,34.9,Normal
product.template_C357343,"COFFRET A BIJOUX ""CAIMAN""",product.category_357343,True,C357343,357343,True,True,davidts.metier_Bijoux,Stockable Product,1,45.5,Normal
product.template_C357399,"COFFRET A BIJOUX ""CAIMAN""",product.category_357399,True,C357399,357399,True,True,davidts.metier_Bijoux,Stockable Product,2,159,Normal
product.template_C357613,"COFFRET A BIJOUX ""CAIMAN""",product.category_357613,True,C357613,357613,True,True,davidts.metier_Bijoux,Stockable Product,1,30.9,Normal
product.template_C357699,"COFFRET A BIJOUX ""CAIMAN""",product.category_357699,True,C357699,357699,True,True,davidts.metier_Bijoux,Stockable Product,1,45.9,Normal
product.template_C357801,"COFFRET A BIJOUX ""CAIMAN""",product.category_357801,True,C357801,357801,True,True,davidts.metier_Bijoux,Stockable Product,2,125,Normal
product.template_C357805,"COFFRET VITRE 5 MONTRES ""CAIMAN""",product.category_357805,True,C357805,357805,True,True,davidts.metier_Bijoux,Stockable Product,1,22.9,Normal
product.template_C357810,"COFFRET VITRE 10 MONTRES ""CAIMAN""",product.category_357810,True,C357810,357810,True,True,davidts.metier_Bijoux,Stockable Product,1,32.5,Normal
product.template_C360332,"COFFRET A BIJOUX ""HIGHLIGHT""",product.category_360332,True,C360332,360332,True,True,davidts.metier_Bijoux,Stockable Product,1,39.9,Normal
product.template_C360755,"COFFRET A BIJOUX ""HIGHLIGHT""",product.category_360755,True,C360755,360755,True,True,davidts.metier_Bijoux,Stockable Product,1,29.9,Normal
product.template_C360757,"COFFRET A BIJOUX ""HIGHLIGHT""",product.category_360757,True,C360757,360757,True,True,davidts.metier_Bijoux,Stockable Product,1,36.9,Normal
product.template_C364519,"COFFRET A BIJOUX ""DA VINCI""",product.category_364519,True,C364519,364519,True,True,davidts.metier_Bijoux,Stockable Product,1,61.6,Normal
product.template_C364734,"COFFRET A MONTRES ""DA VINCI""",product.category_364734,True,C364734,364734,True,True,davidts.metier_Bijoux,Stockable Product,1,27.9,Normal
product.template_C367133,"COFFRET A BIJOUX ""EUCLIDE""",product.category_367133,True,C367133,367133,True,True,davidts.metier_Bijoux,Stockable Product,1,18.9,Normal
product.template_C367200,"COFFRET A BIJOUX ""EUCLIDE""",product.category_367200,True,C367200,367200,True,True,davidts.metier_Bijoux,Stockable Product,2,26.7,Normal
product.template_C367201,"COFFRET A BIJOUX ""EUCLIDE""",product.category_367201,True,C367201,367201,True,True,davidts.metier_Bijoux,Stockable Product,2,15.9,Normal
product.template_C367227,"COFFRET A BIJOUX ""EUCLIDE""",product.category_367227,True,C367227,367227,True,True,davidts.metier_Bijoux,Stockable Product,2,21.9,Normal
product.template_C367228,"COFFRET A BIJOUX ""EUCLIDE""",product.category_367228,True,C367228,367228,True,True,davidts.metier_Bijoux,Stockable Product,2,38.5,Normal
product.template_C367288,"COFFRET A BIJOUX ""EUCLIDE""",product.category_367288,True,C367288,367288,True,True,davidts.metier_Bijoux,Stockable Product,2,33.5,Normal
product.template_C367289,"COFFRET A BIJOUX ""EUCLIDE""",product.category_367289,True,C367289,367289,True,True,davidts.metier_Bijoux,Stockable Product,2,38.9,Normal
product.template_C367301,"COFFRET A BIJOUX ""EUCLIDE""",product.category_367301,True,C367301,367301,True,True,davidts.metier_Bijoux,Stockable Product,1,26.3,Normal
product.template_C367458,"BEAUTY CASE ""EUCLIDE""",product.category_367458,True,C367458,367458,True,True,davidts.metier_Bijoux,Stockable Product,2,28.9,Normal
product.template_C367504,"COFFRET A BIJOUX ""EUCLIDE""",product.category_367504,True,C367504,367504,True,True,davidts.metier_Bijoux,Stockable Product,2,23.9,Normal
product.template_C367511,"COFFRET 5 MONTRES ""EUCLIDE""",product.category_367511,True,C367511,367511,True,True,davidts.metier_Bijoux,Stockable Product,1,12.9,Normal
product.template_C367533,"COFFRET VITRE 6 MONTRES OB ""EUCLIDE""",product.category_367533,True,C367533,367533,True,True,davidts.metier_Bijoux,Stockable Product,1,25.8,Normal
product.template_C367641,"ROULEAU A BIJOUX ""EUCLIDE""",product.category_367641,True,C367641,367641,True,True,davidts.metier_Bijoux,Stockable Product,1,9.3,Normal
product.template_C367692,"COFFRET A BIJOUX ""EUCLIDE""",product.category_367692,True,C367692,367692,True,True,davidts.metier_Bijoux,Stockable Product,2,45.9,Normal
product.template_C367730,"PETIT BAGUIER ""Euclide""",product.category_367730,True,C367730,367730,True,True,davidts.metier_Bijoux,Stockable Product,0,8.2,Normal
product.template_C367731,"PERLIER ""EUCLIDE""",product.category_367731,True,C367731,367731,True,True,davidts.metier_Bijoux,Stockable Product,1,14.9,Normal
product.template_C367732,"PETIT BAGUIER ""EUCLIDE""",product.category_367732,True,C367732,367732,True,True,davidts.metier_Bijoux,Stockable Product,1,7.7,Normal
product.template_C367733,"COFFRET BAGUIER ""EUCLIDE""",product.category_367733,True,C367733,367733,True,True,davidts.metier_Bijoux,Stockable Product,1,16.7,Normal
product.template_C367734,"COFFRET G. PERLIER ""EUCLIDE""",product.category_367734,True,C367734,367734,True,True,davidts.metier_Bijoux,Stockable Product,1,16.9,Normal
product.template_C367753,"COFFRET COEUR ""EUCLIDE""",product.category_367753,True,C367753,367753,True,True,davidts.metier_Bijoux,Stockable Product,1,14.6,Normal
product.template_C367754,"COFFRET COEUR ""EUCLIDE""",product.category_367754,True,C367754,367754,True,True,davidts.metier_Bijoux,Stockable Product,1,22.2,Normal
product.template_C367811,"COFFRET VITRE 8 MONTRES ""EUCLIDE""",product.category_367811,True,C367811,367811,True,True,davidts.metier_Bijoux,Stockable Product,1,24.7,Normal
product.template_C367822,"BEAUTY CASE ""EUCLIDE""",product.category_367822,True,C367822,367822,True,True,davidts.metier_Bijoux,Stockable Product,2,28.9,Normal
product.template_C367828,"COFFRET A BIJOUX ""EUCLIDE""",product.category_367828,True,C367828,367828,True,True,davidts.metier_Bijoux,Stockable Product,1,38.5,Normal
product.template_C367833,"COFFRET VITRE 6 MONTRES ""EUCLIDE""",product.category_367833,True,C367833,367833,True,True,davidts.metier_Bijoux,Stockable Product,1,20.9,Normal
product.template_C367844,"COFFRET VITRE 12 MONTRES ""EUCLIDE""",product.category_367844,True,C367844,367844,True,True,davidts.metier_Bijoux,Stockable Product,2,27.4,Normal
product.template_C367933,"COFFRET 6 MONTRES ""EUCLIDE""",product.category_367933,True,C367933,367933,True,True,davidts.metier_Bijoux,Stockable Product,1,19.9,Normal
product.template_C367944,"COFFRET 12 MONTRES ""EUCLIDE""",product.category_367944,True,C367944,367944,True,True,davidts.metier_Bijoux,Stockable Product,2,26.9,Normal
product.template_C367959,"COFFRET A BIJOUX ""EUCLIDE""",product.category_367959,True,C367959,367959,True,True,davidts.metier_Bijoux,Stockable Product,1,17.9,Normal
product.template_C367965,"COFFRET A BIJOUX ""EUCLIDE""",product.category_367965,True,C367965,367965,True,True,davidts.metier_Bijoux,Stockable Product,2,24.9,Normal
product.template_C367987,"COFFRET A BIJOUX ""EUCLIDE""",product.category_367987,True,C367987,367987,True,True,davidts.metier_Bijoux,Stockable Product,2,30.9,Normal
product.template_C367990,"COFFRET AUTO 3 ""EUCLIDE""",product.category_367990,True,C367990,367990,True,True,davidts.metier_Bijoux,Stockable Product,3,41.9,Normal
product.template_C369173,"COFFRET A BIJOUX ""COCCINELLE""",product.category_369173,True,C369173,369173,True,True,davidts.metier_Bijoux,Stockable Product,1,12.9,Normal
product.template_C369174,"COFFRET A BIJOUX ""MARGUERITE""",product.category_369174,True,C369174,369174,True,True,davidts.metier_Bijoux,Stockable Product,1,12.5,Normal
product.template_C369178,"COFFRET A BIJOUX ""MARGUERITE""",product.category_369178,True,C369178,369178,True,True,davidts.metier_Bijoux,Stockable Product,1,8.9,Normal
product.template_C378083,"COFFRET A BIJOUX CUIR ""CHROME""",product.category_378083,True,C378083,378083,True,True,davidts.metier_Bijoux,Stockable Product,3,125,Normal
product.template_C378084,"COFFRET A BIJOUX CUIR ""CHROME""",product.category_378084,True,C378084,378084,True,True,davidts.metier_Bijoux,Stockable Product,1,129,Normal
product.template_C378127,"GENT NIGHT TRAY ""CHROME""",product.category_378127,True,C378127,378127,True,True,davidts.metier_Bijoux,Stockable Product,1,16.9,Normal
product.template_C378274,"COFFRET A BIJOUX CUIR ""CHROME""",product.category_378274,True,C378274,378274,True,True,davidts.metier_Bijoux,Stockable Product,2,45.9,Normal
product.template_C378285,"COFFRET A BIJOUX CUIR ""CHROME""",product.category_378285,True,C378285,378285,True,True,davidts.metier_Bijoux,Stockable Product,1,40.9,Normal
product.template_C378286,"COFFRET A BIJOUX CUIR ""CHROME""",product.category_378286,True,C378286,378286,True,True,davidts.metier_Bijoux,Stockable Product,2,63.9,Normal
product.template_C378579,"COFFRET MONTRE AUTO CUIR ""CHROME""",product.category_378579,True,C378579,378579,True,True,davidts.metier_Bijoux,Stockable Product,1,52.9,Normal
product.template_C378614,"COFFRET A BIJOUX CUIR ""CHROME""",product.category_378614,True,C378614,378614,True,True,davidts.metier_Bijoux,Stockable Product,1,33.9,Normal
product.template_C378693,"COFFRET A BIJOUX CUIR ""CHROME""",product.category_378693,True,C378693,378693,True,True,davidts.metier_Bijoux,Stockable Product,2,78.5,Normal
product.template_C378733,"LEATHER CASE +WINDOW  21 RINGS ""Chrome""",product.category_378733,True,C378733,378733,True,True,davidts.metier_Bijoux,Stockable Product,1,25.5,Normal
product.template_C378766,"COFFRET A BIJOUX CUIR ""CHROME""",product.category_378766,True,C378766,378766,True,True,davidts.metier_Bijoux,Stockable Product,0,17.4,Normal
product.template_C378804,"COFFRET 4 MONTRES CUIR ""CHROME""",product.category_378804,True,C378804,378804,True,True,davidts.metier_Bijoux,Stockable Product,1,26.9,Normal
product.template_C378806,"COFFRET VITER 6 MONTRES CUIR ""CHROME""",product.category_378806,True,C378806,378806,True,True,davidts.metier_Bijoux,Stockable Product,1,33.5,Normal
product.template_C378812,"COFFRET VITRE 12 MONTRES CUIR ""CHROME""",product.category_378812,True,C378812,378812,True,True,davidts.metier_Bijoux,Stockable Product,1,44.7,Normal
product.template_C378818,"COFFRET VITER 18 MONTRES CUIR ""CHROME""",product.category_378818,True,C378818,378818,True,True,davidts.metier_Bijoux,Stockable Product,1,52.4,Normal
product.template_C378824,"BOITE A BIJOUX  CUIR ""Chrome""",product.category_378824,True,C378824,378824,True,True,davidts.metier_Bijoux,Stockable Product,2,49.9,Normal
product.template_C378906,"COFFRET 6 MONTRES CUIR ""CHROME""",product.category_378906,True,C378906,378906,True,True,davidts.metier_Bijoux,Stockable Product,0,34.5,Normal
product.template_C378912,"COFFRET 12 MONTRES CUIR ""CHROME""",product.category_378912,True,C378912,378912,True,True,davidts.metier_Bijoux,Stockable Product,1,46.9,Normal
product.template_C390227,"COFFRET HOMME ""Samson""",product.category_390227,True,C390227,390227,True,True,davidts.metier_Bijoux,Stockable Product,1,45.6,Normal
product.template_C390228,"COFFRET HOMME ""Samson""",product.category_390228,True,C390228,390228,True,True,davidts.metier_Bijoux,Stockable Product,1,43.8,Normal
product.template_C390309,"COFFRET B. MANCHETTES ""Samson""",product.category_390309,True,C390309,390309,True,True,davidts.metier_Bijoux,Stockable Product,1,33.5,Normal
product.template_C390320,"COFFRET STYLOS ""Samson""",product.category_390320,True,C390320,390320,True,True,davidts.metier_Bijoux,Stockable Product,1,40,Normal
product.template_C390483,"REMONTEUR 1 MONTRE CUIR ""Samson""",product.category_390483,True,C390483,390483,True,True,davidts.metier_Bijoux,Stockable Product,2,98.5,Normal
product.template_C390484,"REMONTEUR 2 MONTRES CUIR ""Samson""",product.category_390484,True,C390484,390484,True,True,davidts.metier_Bijoux,Stockable Product,2,185,Normal
product.template_C390485,"REMONTEUR 4 MONTRES CUIR ""Samson""",product.category_390485,True,C390485,390485,True,True,davidts.metier_Bijoux,Stockable Product,4,399,Normal
product.template_C390874,"REMONTEUR 1 MONTRES CUIR ""CHROME""",product.category_390874,True,C390874,390874,True,True,davidts.metier_Bijoux,Stockable Product,2,120,Normal
product.template_C425154,"ROULEAU A BIJOUX ""NAPPA""",product.category_425154,True,C425154,425154,True,True,davidts.metier_Bijoux,Stockable Product,1,17.9,Normal
product.template_C425155,"ROULEAU A BIJOUX ""NAPPA""",product.category_425155,True,C425155,425155,True,True,davidts.metier_Bijoux,Stockable Product,1,13.8,Normal
product.template_C425278,"ROULEAU A BIJOUX ""NAPPA""",product.category_425278,True,C425278,425278,True,True,davidts.metier_Bijoux,Stockable Product,1,16.5,Normal
product.template_C425641,"ROULEAU A BIJOUX ""NAPPA""",product.category_425641,True,C425641,425641,True,True,davidts.metier_Bijoux,Stockable Product,1,27.5,Normal
product.template_C431729,"COFFRET A BIJOUX ""SOCRATE""",product.category_431729,True,C431729,431729,True,True,davidts.metier_Bijoux,Stockable Product,1,10.7,Normal
product.template_C431730,"COFFRET A BIJOUX ""SOCRATE""",product.category_431730,True,C431730,431730,True,True,davidts.metier_Bijoux,Stockable Product,1,11.7,Normal
product.template_A460239,SERVIETTE CROUTE DE VACHETTE 39CM,product.category_460239,True,A460239,460239,True,True,davidts.metier_Affaires,Stockable Product,2,57,Normal
product.template_A460241,SERVIETTE CROUTE DE VACHETTE 40CM,product.category_460241,True,A460241,460241,True,True,davidts.metier_Affaires,Stockable Product,2,59,Normal
product.template_A460243,P. DOCUMENTS CROUTE DE VACHETTE 43CM,product.category_460243,True,A460243,460243,True,True,davidts.metier_Affaires,Stockable Product,2,53,Normal
product.template_A460341,"SERVIETTE CROUTE DE VACHETTE 41CM (15"")",product.category_460341,True,A460341,460341,True,True,davidts.metier_Affaires,Stockable Product,3,64,Normal
product.template_A460344,"SERVIETTE CROUTE DE VACHETTE 43.5CM (17"")",product.category_460344,True,A460344,460344,True,True,davidts.metier_Affaires,Stockable Product,3,69.5,Normal
product.template_A460633,CONFERENCIER CROUTE DE VACHETTE 33CM,product.category_460633,True,A460633,460633,True,True,davidts.metier_Affaires,Stockable Product,1,24.9,Normal
product.template_A460637,CONFERENCIER CROUTE DE VACHETTE 37CM,product.category_460637,True,A460637,460637,True,True,davidts.metier_Affaires,Stockable Product,1,31.9,Normal
product.template_A460846,ATT. CASE CROUTE DE VACHETTE 46CM,product.category_460846,True,A460846,460846,True,True,davidts.metier_Affaires,Stockable Product,2,82.5,Normal
product.template_A461239,SERVIETTE EN CUIR NAPPA,product.category_461239,True,A461239,461239,True,True,davidts.metier_Affaires,Stockable Product,1,75,Normal
product.template_A461241,"SERVIETTE EN CUIR NAPPA 15""",product.category_461241,True,A461241,461241,True,True,davidts.metier_Affaires,Stockable Product,1,64,Normal
product.template_A461341,"SERVIETTE EN CUIR NAPPA 17""",product.category_461341,True,A461341,461341,True,True,davidts.metier_Affaires,Stockable Product,1,66,Normal
product.template_A461405,SAC BANDOULIERE CUIR,product.category_461405,True,A461405,461405,True,True,davidts.metier_Affaires,Stockable Product,1,29.9,Normal
product.template_A461409,SAC BANDOULIERE CUIR,product.category_461409,True,A461409,461409,True,True,davidts.metier_Affaires,Stockable Product,1,31.9,Normal
product.template_A461430,SAC BANDOULIERE CUIR,product.category_461430,True,A461430,461430,True,True,davidts.metier_Affaires,Stockable Product,1,58,Normal
product.template_A461431,SAC BANDOULIERE CUIR,product.category_461431,True,A461431,461431,True,True,davidts.metier_Affaires,Stockable Product,1,69,Normal
product.template_A461432,SAC BANDOULIERE CUIR,product.category_461432,True,A461432,461432,True,True,davidts.metier_Affaires,Stockable Product,1,49.9,Normal
product.template_A462053,PILOT CASE ROULETTES,product.category_462053,True,A462053,462053,True,True,davidts.metier_Affaires,Stockable Product,1,66,Normal
product.template_A462101,CARTABLE CROUTE 40 CM,product.category_462101,True,A462101,462101,True,True,davidts.metier_Affaires,Stockable Product,2,36.9,Normal
product.template_A462102,CARTABLE CROUTE 44 CM,product.category_462102,True,A462102,462102,True,True,davidts.metier_Affaires,Stockable Product,2,39.9,Normal
product.template_A462165,ATTACHE CASE CUIR,product.category_462165,True,A462165,462165,True,True,davidts.metier_Affaires,Stockable Product,1,36.8,Normal
product.template_A463340,SERVIETTE CUIR DE VACHETTE 40CM,product.category_463340,True,A463340,463340,True,True,davidts.metier_Affaires,Stockable Product,1,85,Normal
product.template_A463633,CONFERENCIER VACHETTE 33CM,product.category_463633,True,A463633,463633,True,True,davidts.metier_Affaires,Stockable Product,1,35,Normal
product.template_A464339,SERVIETTE CUIR DE VACHETTE 1 soufflet,product.category_464339,True,A464339,464339,True,True,davidts.metier_Affaires,Stockable Product,1,76,Normal
product.template_A464340,SERVIETTE CUIR DE VACHETTE 2 soufflets,product.category_464340,True,A464340,464340,True,True,davidts.metier_Affaires,Stockable Product,2,88,Normal
product.template_A464341,SERVIETTE CUIR DE VACHETTE 3 soufflets,product.category_464341,True,A464341,464341,True,True,davidts.metier_Affaires,Stockable Product,2,98.3,Normal
product.template_A464700,MULTIFONCTION CUIR DE VACHETTE,product.category_464700,True,A464700,464700,True,True,davidts.metier_Affaires,Stockable Product,2,95,Normal
product.template_A465372,ATTACHE CASE ALU COQUE 13CM,product.category_465372,True,A465372,465372,True,True,davidts.metier_Affaires,Stockable Product,2,61.5,Normal
product.template_A465515,ATTACHE CASE ALU COQUE 10CM,product.category_465515,True,A465515,465515,True,True,davidts.metier_Affaires,Stockable Product,2,60.5,Normal
product.template_M474028,"ETUI MANUCURE PU ""EUCLIDE""",product.category_474028,True,M474028,474028,True,True,davidts.metier_Manucure,Stockable Product,1,10.9,Normal
product.template_M474029,"ETUI MANUCURE PU ""EUCLIDE""",product.category_474029,True,M474029,474029,True,True,davidts.metier_Manucure,Stockable Product,1,10.6,Normal
product.template_M474030,"ETUI MANUCURE PU ""EUCLIDE""",product.category_474030,True,M474030,474030,True,True,davidts.metier_Manucure,Stockable Product,1,17.8,Normal
product.template_M474031,"ETUI MANUCURE PU ""EUCLIDE""",product.category_474031,True,M474031,474031,True,True,davidts.metier_Manucure,Stockable Product,1,18.9,Normal
product.template_M474033,"ETUI MANUCURE PU ""EUCLIDE""",product.category_474033,True,M474033,474033,True,True,davidts.metier_Manucure,Stockable Product,1,11.8,Normal
product.template_M474034,"ETUI MANUCURE PU ""EUCLIDE""",product.category_474034,True,M474034,474034,True,True,davidts.metier_Manucure,Stockable Product,1,19.7,Normal
product.template_M474035,"ETUI MANUCURE PU ""EUCLIDE""",product.category_474035,True,M474035,474035,True,True,davidts.metier_Manucure,Stockable Product,1,20.6,Normal
product.template_M476038,ETUI MANUCURE CUIR,product.category_476038,True,M476038,476038,True,True,davidts.metier_Manucure,Stockable Product,1,16.4,Normal
product.template_M476039,ETUI MANUCURE CUIR,product.category_476039,True,M476039,476039,True,True,davidts.metier_Manucure,Stockable Product,1,19.7,Normal
product.template_M476040,MANUCURE SET SPLIT LEATHER ,product.category_476040,True,M476040,476040,True,True,davidts.metier_Manucure,Stockable Product,1,23.9,Normal
product.template_M476041,ETUI MANUCURE CUIR,product.category_476041,True,M476041,476041,True,True,davidts.metier_Manucure,Stockable Product,1,39.9,Normal
product.template_M476042,ETUI MANUCURE CUIR,product.category_476042,True,M476042,476042,True,True,davidts.metier_Manucure,Stockable Product,1,21.7,Normal
product.template_M476112,COUTURE CUIR,product.category_476112,True,M476112,476112,True,True,davidts.metier_Manucure,Stockable Product,1,14.8,Normal
product.template_M476440,ETUI MANUCURE CUIR,product.category_476440,True,M476440,476440,True,True,davidts.metier_Manucure,Stockable Product,1,12.2,Normal
product.template_C484012,"NECESSAIRE DE TOILETTE ""PLEINE FLEUR""",product.category_484012,True,C484012,484012,True,True,davidts.metier_Bijoux,Stockable Product,1,19.9,Normal
product.template_C484019,"ETUI BOUTONS DE MANCHETTE ""PLEINE FLEUR""",product.category_484019,True,C484019,484019,True,True,davidts.metier_Bijoux,Stockable Product,1,18.5,Normal
product.template_C484121,"ETUIS PEIGNE ""PLEINE FLEUR""",product.category_484121,True,C484121,484121,True,True,davidts.metier_Bijoux,Stockable Product,0,6.3,Normal
product.template_C484122,"ETUIS PEIGNE ""PLEINE FLEUR""",product.category_484122,True,C484122,484122,True,True,davidts.metier_Bijoux,Stockable Product,1,7.8,Normal
product.template_G498033,PU DESKTOP SET WITH FLAP,product.category_498033,True,G498033,498033,True,True,davidts.metier_Garniturebureau,Stockable Product,1,32.9,Normal
product.template_G499220,LEATHER DESK TOP SET,product.category_499220,True,G499220,499220,True,True,davidts.metier_Garniturebureau,Stockable Product,1,39.9,Normal
product.template_G499317,SPLIT LEATHER DESK MAT ,product.category_499317,True,G499317,499317,True,True,davidts.metier_Garniturebureau,Stockable Product,1,55,Normal
product.template_G499318,SPLIT LEATHER DESK MAT,product.category_499318,True,G499318,499318,True,True,davidts.metier_Garniturebureau,Stockable Product,1,47,Normal
product.template_G499793,SYNTHETIC (100% POLYESTER),product.category_499793,True,G499793,499793,True,True,davidts.metier_Garniturebureau,Stockable Product,1,39,Normal
product.template_G499837,LEATHER DESK TOP COGNAC,product.category_499837,True,G499837,499837,True,True,davidts.metier_Garniturebureau,Stockable Product,1,46,Normal
product.template_S706002,DISPLAY DE 12 SHOPPINGS WALLABY,product.category_706002,True,S706002,706002,True,True,davidts.metier_Shopping,Stockable Product,0,53,Normal
product.template_S706004,DISPLAY 24 SHOPPING,product.category_706004,True,S706004,706004,True,True,davidts.metier_Shopping,Stockable Product,1,59.9,Normal
product.template_S706005,DISPLAY 36 FUN SHOPPING BAGS,product.category_706005,True,S706005,706005,True,True,davidts.metier_Shopping,Stockable Product,0,45,Normal
product.template_S706010,SHOPPING PLIANT,product.category_706010,True,S706010,706010,True,True,davidts.metier_Shopping,Stockable Product,1,4.1,Normal
product.template_S706017,SHOPPING 35cm Ribstop,product.category_706017,True,S706017,706017,True,True,davidts.metier_Shopping,Stockable Product,1,6.5,Normal
product.template_S706020,SHOPPING 40cm Ribstop,product.category_706020,True,S706020,706020,True,True,davidts.metier_Shopping,Stockable Product,7,7.2,Normal
product.template_S706021,SHOPPING 35cm Ribstop,product.category_706021,True,S706021,706021,True,True,davidts.metier_Shopping,Stockable Product,1,8.2,Normal
product.template_S706022,SHOPPING 40cm Ribstop,product.category_706022,True,S706022,706022,True,True,davidts.metier_Shopping,Stockable Product,7,9.2,Normal
product.template_S706030,SHOPPING 40cm JEAN'S,product.category_706030,True,S706030,706030,True,True,davidts.metier_Shopping,Stockable Product,7,5.6,Normal
product.template_S706040,SHOPPING JEAN'S AVEC BANDOULIERE,product.category_706040,True,S706040,706040,True,True,davidts.metier_Shopping,Stockable Product,7,5.8,Normal
product.template_S706045,"SAC POSTIER ""REVIVAL""",product.category_706045,True,S706045,706045,True,True,davidts.metier_Shopping,Stockable Product,7,29,Normal
product.template_S706050,"SAC SHOPPING ""REVIVAL""",product.category_706050,True,S706050,706050,True,True,davidts.metier_Shopping,Stockable Product,7,19,Normal
product.template_S707803,SHOPPING CHECKER,product.category_707803,True,S707803,707803,True,True,davidts.metier_Shopping,Stockable Product,0,3.2,Normal
product.template_S707804,SHOPPING SOLAR,product.category_707804,True,S707804,707804,True,True,davidts.metier_Shopping,Stockable Product,1,5.1,Normal
product.template_S709220,"SHOPPING ""LE TOUQUET""",product.category_709220,True,S709220,709220,True,True,davidts.metier_Shopping,Stockable Product,1,9.6,Normal
product.template_C710004,SAC CADDY POUR REF. 730004 CAPE TOWN,product.category_710004,True,C710004,710004,True,True,davidts.metier_Caddies,Stockable Product,1,14,Normal
product.template_C710007,"SAC CADDY ""KNOKKE"" POUR REF. 730007",product.category_710007,True,C710007,710007,True,True,davidts.metier_Caddies,Stockable Product,1,16,Normal
product.template_C710009,SAC CADDY ECOSSAIS POUR REF. 730009,product.category_710009,True,C710009,710009,True,True,davidts.metier_Caddies,Stockable Product,1,9,Normal
product.template_C710029,SAC CADDY POUR REF 730029 XIAMEN,product.category_710029,True,C710029,710029,True,True,davidts.metier_Caddies,Stockable Product,1,16.4,Normal
product.template_C710032,SAC CADDY POUR REF. 730032 MAYNILA,product.category_710032,True,C710032,710032,True,True,davidts.metier_Caddies,Stockable Product,1,15.3,Normal
product.template_C710036,SAC CADDY POUR REF. 730036 PORTSMOUTH,product.category_710036,True,C710036,710036,True,True,davidts.metier_Caddies,Stockable Product,1,12,Normal
product.template_C710042,SAC CADDY POUR REF. 730042 ADELAIDE,product.category_710042,True,C710042,710042,True,True,davidts.metier_Caddies,Stockable Product,1,12,Normal
product.template_C710058,SAC POUR 730058,product.category_710058,True,C710058,710058,True,True,davidts.metier_Caddies,Stockable Product,1,5,Normal
product.template_C710059,SAC POUR REF. 731058/731059,product.category_710059,True,C710059,710059,True,True,davidts.metier_Caddies,Stockable Product,1,8,Normal
product.template_C710067,BAG VANCOUVERT,product.category_710067,True,C710067,710067,True,True,davidts.metier_Caddies,Stockable Product,1,10.9,Normal
product.template_C710080,"SAC ""CITY CRUISER"" POUR REF. 730080",product.category_710080,True,C710080,710080,True,True,davidts.metier_Caddies,Stockable Product,1,12,Normal
product.template_C710208,CADDY BAG POUR REF. 730208,product.category_710208,True,C710208,710208,True,True,davidts.metier_Caddies,Stockable Product,0,10,Normal
product.template_C710813,NEW SOFIA,product.category_710813,True,C710813,710813,True,True,davidts.metier_Caddies,Stockable Product,1,11,Normal
product.template_C710850,"SAC CADDY ""LONDON"" ",product.category_710850,True,C710850,710850,True,True,davidts.metier_Caddies,Stockable Product,1,12.9,Normal
product.template_C725015,FRAME POUR REF. 730015 / 730007 / 730009,product.category_725015,True,C725015,725015,True,True,davidts.metier_Caddies,Stockable Product,1,59,Normal
product.template_C725059,FRAME FOR REF. 730059,product.category_725059,True,C725059,725059,True,True,davidts.metier_Caddies,Stockable Product,1,71,Normal
product.template_C725080,"CHARRIOT ""CITY CRUISER"" POUR REF. 730080",product.category_725080,True,C725080,725080,True,True,davidts.metier_Caddies,Stockable Product,1,47,Normal
product.template_C725104,KART EVOLUTION,product.category_725104,True,C725104,725104,True,True,davidts.metier_Caddies,Stockable Product,2,21.5,Normal
product.template_C725105,KART PILOT (Telescopic),product.category_725105,True,C725105,725105,True,True,davidts.metier_Caddies,Stockable Product,2,19,Normal
product.template_C725108,SOUTH AMERICA,product.category_725108,True,C725108,725108,True,True,davidts.metier_Caddies,Stockable Product,1,10.9,Normal
product.template_C725110,KART CITY,product.category_725110,True,C725110,725110,True,True,davidts.metier_Caddies,Stockable Product,2,14,Normal
product.template_C725114,KART SPA = 725107NON PLIANT +roue452,product.category_725114,True,C725114,725114,True,True,davidts.metier_Caddies,Stockable Product,2,14,Normal
product.template_C725120,OCEANIA,product.category_725120,True,C725120,725120,True,True,davidts.metier_Caddies,Stockable Product,2,14,Normal
product.template_C725260,KART STREETRUNNER,product.category_725260,True,C725260,725260,True,True,davidts.metier_Caddies,Stockable Product,2,15.6,Normal
product.template_C725286,DIABLE PLIANT,product.category_725286,True,C725286,725286,True,True,davidts.metier_Caddies,Stockable Product,3,29.6,Normal
product.template_C725448,KART ANTARTICA ( single wheel),product.category_725448,True,C725448,725448,True,True,davidts.metier_Caddies,Stockable Product,3,17.9,Normal
product.template_C725449,KART AUSTRALIA (three wheels),product.category_725449,True,C725449,725449,True,True,davidts.metier_Caddies,Stockable Product,3,35.2,Normal
product.template_C730002,"CADDY SET ""RIO""",product.category_730002,True,C730002,730002,True,True,davidts.metier_Caddies,Stockable Product,1,12.9,Normal
product.template_C730004,SET CADDY CAPE TOWN (710004 + 725059) - Prix = 85 €,product.category_730004,True,C730004,730004,True,True,davidts.metier_Caddies,Stockable Product,0,85,Normal
product.template_C730006,"SET CADDY ""HEIST""",product.category_730006,True,C730006,730006,True,True,davidts.metier_Caddies,Stockable Product,3,32.9,Normal
product.template_C730007,"CADDY SET ""KNOKKE"" (710007 + 725015) - Prix = 75 €",product.category_730007,True,C730007,730007,True,True,davidts.metier_Caddies,Stockable Product,0,75,Normal
product.template_C730008,"CADDY SET ""ETRETAT""",product.category_730008,True,C730008,730008,True,True,davidts.metier_Caddies,Stockable Product,1,13,Normal
product.template_C730009,SET CADDY SHANGHAI (710009 + 725015) - Prix = 68 €,product.category_730009,True,C730009,730009,True,True,davidts.metier_Caddies,Stockable Product,0,68,Normal
product.template_C730011,"CADDY SET ""BEMBO""",product.category_730011,True,C730011,730011,True,True,davidts.metier_Caddies,Stockable Product,3,29.5,Normal
product.template_C730012,"CADDY SET ""LA SPEZIA""",product.category_730012,True,C730012,730012,True,True,davidts.metier_Caddies,Stockable Product,1,19.9,Normal
product.template_C730015,"CADDY SET ""LE MANS""",product.category_730015,True,C730015,730015,True,True,davidts.metier_Caddies,Stockable Product,4,67,Normal
product.template_C730017,"CADDY SET ""SOL ARAGONE""",product.category_730017,True,C730017,730017,True,True,davidts.metier_Caddies,Stockable Product,2,15,Normal
product.template_C730022,CADDY SET CITY ,product.category_730022,True,C730022,730022,True,True,davidts.metier_Caddies,Stockable Product,1,35.5,Normal
product.template_C730024,CADDY SET LAS VEGAS,product.category_730024,True,C730024,730024,True,True,davidts.metier_Caddies,Stockable Product,1,37.9,Normal
product.template_C730029,SET CADDY XIAMEN (710029+725015) Prix = 75.40 €,product.category_730029,True,C730029,730029,True,True,davidts.metier_Caddies,Stockable Product,0,75.4,Normal
product.template_C730032,SET CADDY MAYNILA (710032 + 725015) - Prix = 74.30 €,product.category_730032,True,C730032,730032,True,True,davidts.metier_Caddies,Stockable Product,0,74.3,Normal
product.template_C730036,SET CADDY PORTSMOUTH (710036 + 725104) - Prix = 33.50 €,product.category_730036,True,C730036,730036,True,True,davidts.metier_Caddies,Stockable Product,0,33.5,Normal
product.template_C730042,SET CADDY ADELAIDE (710042 + 725120) - Prix = 26 €,product.category_730042,True,C730042,730042,True,True,davidts.metier_Caddies,Stockable Product,0,26,Normal
product.template_C730044,"CADDY SET ""COLOMBO""",product.category_730044,True,C730044,730044,True,True,davidts.metier_Caddies,Stockable Product,2,29.9,Normal
product.template_C730057,"CADDY SET  FILME ""WELLINGTON""",product.category_730057,True,C730057,730057,True,True,davidts.metier_Caddies,Stockable Product,3,29.5,Normal
product.template_C730064,"CADDY SET FILME ""OSAKA""",product.category_730064,True,C730064,730064,True,True,davidts.metier_Caddies,Stockable Product,2,38.2,Normal
product.template_C730067,"CADDY SET FILME ""VANCOUVER""",product.category_730067,True,C730067,730067,True,True,davidts.metier_Caddies,Stockable Product,2,24.9,Normal
product.template_C730072,"CADDY SET FILME""LIMBURG""",product.category_730072,True,C730072,730072,True,True,davidts.metier_Caddies,Stockable Product,2,15,Normal
product.template_C730080,CITY CRUISER (710080 + 725080) - Prix = 59 €,product.category_730080,True,C730080,730080,True,True,davidts.metier_Caddies,Stockable Product,1,59,Normal
product.template_C730093,730068 + 730058 CADDY GREENOCK,product.category_730093,True,C730093,730093,True,True,davidts.metier_Caddies,Stockable Product,2,29.9,Normal
product.template_C730095,"CADDY SET FILME ""TILBURG""",product.category_730095,True,C730095,730095,True,True,davidts.metier_Caddies,Stockable Product,5,70,Normal
product.template_C730107,"CADDY SET FILME ""GAIRLOCH""",product.category_730107,True,C730107,730107,True,True,davidts.metier_Caddies,Stockable Product,2,29.5,Normal
product.template_C730111,"CADDY SET FILME ""ABERDEEN""",product.category_730111,True,C730111,730111,True,True,davidts.metier_Caddies,Stockable Product,3,18.9,Normal
product.template_C730188,"CADDY SET FILME ""LE TOUQUET""",product.category_730188,True,C730188,730188,True,True,davidts.metier_Caddies,Stockable Product,3,34.9,Normal
product.template_C730205,"6 W. PANIER METAL ""NEWCASTLE""",product.category_730205,True,C730205,730205,True,True,davidts.metier_Caddies,Stockable Product,3,39,Normal
product.template_C730272,"CADDY SET FILME ""PITTSBURGH"" (3 ROUES)",product.category_730272,True,C730272,730272,True,True,davidts.metier_Caddies,Stockable Product,3,42.7,Normal
product.template_C730370,CADDY SET FILME ,product.category_730370,True,C730370,730370,True,True,davidts.metier_Caddies,Stockable Product,3,20,Normal
product.template_C730499,"CADDY SET FILME ""SOFIA""",product.category_730499,True,C730499,730499,True,True,davidts.metier_Caddies,Stockable Product,3,32,Normal
product.template_C730850,"CADDY SET FILME ""LONDON""",product.category_730850,True,C730850,730850,True,True,davidts.metier_Caddies,Stockable Product,2,31.9,Normal
product.template_C730860,"CADDY SET FILME ""MANCHESTER""",product.category_730860,True,C730860,730860,True,True,davidts.metier_Caddies,Stockable Product,3,36.5,Normal
product.template_C731058,SET CADDIE MARSEILLE (710058 + 725059) - Prix = 76 €,product.category_731058,True,C731058,731058,True,True,davidts.metier_Caddies,Stockable Product,0,76,Normal
product.template_C731059,SET CADDY FILME SAN REMO (710059 + 725059) - Prix = 79 €,product.category_731059,True,C731059,731059,True,True,davidts.metier_Caddies,Stockable Product,0,79,Normal
